--
-- PostgreSQL database dump
--

-- Dumped from database version 11.9
-- Dumped by pg_dump version 11.9

-- Started on 2020-08-24 19:24:25

SET statement_timeout = 0;
SET lock_timeout = 0;
SET idle_in_transaction_session_timeout = 0;
SET client_encoding = 'UTF8';
SET standard_conforming_strings = on;
SELECT pg_catalog.set_config('search_path', '', false);
SET check_function_bodies = false;
SET xmloption = content;
SET client_min_messages = warning;
SET row_security = off;

SET default_tablespace = '';

SET default_with_oids = false;

--
-- TOC entry 197 (class 1259 OID 54926)
-- Name: bairro; Type: TABLE; Schema: public; Owner: postgres
--

CREATE TABLE public.bairro (
    id bigint NOT NULL,
    nome character varying(255),
    cidade_id bigint
);


ALTER TABLE public.bairro OWNER TO postgres;

--
-- TOC entry 196 (class 1259 OID 54924)
-- Name: bairro_id_seq; Type: SEQUENCE; Schema: public; Owner: postgres
--

ALTER TABLE public.bairro ALTER COLUMN id ADD GENERATED BY DEFAULT AS IDENTITY (
    SEQUENCE NAME public.bairro_id_seq
    START WITH 1
    INCREMENT BY 1
    NO MINVALUE
    NO MAXVALUE
    CACHE 1
);


--
-- TOC entry 199 (class 1259 OID 54933)
-- Name: caixa; Type: TABLE; Schema: public; Owner: postgres
--

CREATE TABLE public.caixa (
    id bigint NOT NULL
);


ALTER TABLE public.caixa OWNER TO postgres;

--
-- TOC entry 198 (class 1259 OID 54931)
-- Name: caixa_id_seq; Type: SEQUENCE; Schema: public; Owner: postgres
--

ALTER TABLE public.caixa ALTER COLUMN id ADD GENERATED BY DEFAULT AS IDENTITY (
    SEQUENCE NAME public.caixa_id_seq
    START WITH 1
    INCREMENT BY 1
    NO MINVALUE
    NO MAXVALUE
    CACHE 1
);


--
-- TOC entry 201 (class 1259 OID 54940)
-- Name: cidade; Type: TABLE; Schema: public; Owner: postgres
--

CREATE TABLE public.cidade (
    id bigint NOT NULL,
    nome character varying(255),
    uf_id bigint
);


ALTER TABLE public.cidade OWNER TO postgres;

--
-- TOC entry 200 (class 1259 OID 54938)
-- Name: cidade_id_seq; Type: SEQUENCE; Schema: public; Owner: postgres
--

ALTER TABLE public.cidade ALTER COLUMN id ADD GENERATED BY DEFAULT AS IDENTITY (
    SEQUENCE NAME public.cidade_id_seq
    START WITH 1
    INCREMENT BY 1
    NO MINVALUE
    NO MAXVALUE
    CACHE 1
);


--
-- TOC entry 203 (class 1259 OID 54947)
-- Name: cliente; Type: TABLE; Schema: public; Owner: postgres
--

CREATE TABLE public.cliente (
    id bigint NOT NULL,
    cep character varying(255),
    cpf character varying(255),
    nome character varying(255),
    numero integer,
    rua character varying(50),
    cro character varying(255),
    email character varying(255),
    senha character varying(255),
    bairro_id bigint,
    telefone_id bigint,
    tipo_cliente_id bigint
);


ALTER TABLE public.cliente OWNER TO postgres;

--
-- TOC entry 202 (class 1259 OID 54945)
-- Name: cliente_id_seq; Type: SEQUENCE; Schema: public; Owner: postgres
--

ALTER TABLE public.cliente ALTER COLUMN id ADD GENERATED BY DEFAULT AS IDENTITY (
    SEQUENCE NAME public.cliente_id_seq
    START WITH 1
    INCREMENT BY 1
    NO MINVALUE
    NO MAXVALUE
    CACHE 1
);


--
-- TOC entry 205 (class 1259 OID 54957)
-- Name: comissao; Type: TABLE; Schema: public; Owner: postgres
--

CREATE TABLE public.comissao (
    id bigint NOT NULL,
    valor double precision,
    funcionario_id bigint,
    servico_id bigint
);


ALTER TABLE public.comissao OWNER TO postgres;

--
-- TOC entry 204 (class 1259 OID 54955)
-- Name: comissao_id_seq; Type: SEQUENCE; Schema: public; Owner: postgres
--

ALTER TABLE public.comissao ALTER COLUMN id ADD GENERATED BY DEFAULT AS IDENTITY (
    SEQUENCE NAME public.comissao_id_seq
    START WITH 1
    INCREMENT BY 1
    NO MINVALUE
    NO MAXVALUE
    CACHE 1
);


--
-- TOC entry 207 (class 1259 OID 54964)
-- Name: funcionario; Type: TABLE; Schema: public; Owner: postgres
--

CREATE TABLE public.funcionario (
    id bigint NOT NULL,
    cep character varying(255),
    cpf character varying(255),
    nome character varying(255),
    numero integer,
    rua character varying(50),
    email character varying(255),
    senha character varying(255),
    bairro_id bigint,
    telefone_id bigint
);


ALTER TABLE public.funcionario OWNER TO postgres;

--
-- TOC entry 206 (class 1259 OID 54962)
-- Name: funcionario_id_seq; Type: SEQUENCE; Schema: public; Owner: postgres
--

ALTER TABLE public.funcionario ALTER COLUMN id ADD GENERATED BY DEFAULT AS IDENTITY (
    SEQUENCE NAME public.funcionario_id_seq
    START WITH 1
    INCREMENT BY 1
    NO MINVALUE
    NO MAXVALUE
    CACHE 1
);


--
-- TOC entry 208 (class 1259 OID 54972)
-- Name: item_os; Type: TABLE; Schema: public; Owner: postgres
--

CREATE TABLE public.item_os (
    valor double precision,
    servico_id bigint NOT NULL,
    ordem_servico_id bigint NOT NULL
);


ALTER TABLE public.item_os OWNER TO postgres;

--
-- TOC entry 209 (class 1259 OID 54977)
-- Name: item_tpreco_tservico; Type: TABLE; Schema: public; Owner: postgres
--

CREATE TABLE public.item_tpreco_tservico (
    prazo integer,
    valor double precision,
    tabela_preco_id bigint NOT NULL,
    tipo_servico_id bigint NOT NULL
);


ALTER TABLE public.item_tpreco_tservico OWNER TO postgres;

--
-- TOC entry 211 (class 1259 OID 54984)
-- Name: ordem_servico; Type: TABLE; Schema: public; Owner: postgres
--

CREATE TABLE public.ordem_servico (
    id bigint NOT NULL,
    atualizacao_etapa integer,
    entrega timestamp without time zone,
    observacao character varying(255),
    paciente character varying(255),
    recebido timestamp without time zone,
    valor double precision,
    cliente_id bigint,
    funcionario_id bigint,
    protetico_id bigint
);


ALTER TABLE public.ordem_servico OWNER TO postgres;

--
-- TOC entry 210 (class 1259 OID 54982)
-- Name: ordem_servico_id_seq; Type: SEQUENCE; Schema: public; Owner: postgres
--

ALTER TABLE public.ordem_servico ALTER COLUMN id ADD GENERATED BY DEFAULT AS IDENTITY (
    SEQUENCE NAME public.ordem_servico_id_seq
    START WITH 1
    INCREMENT BY 1
    NO MINVALUE
    NO MAXVALUE
    CACHE 1
);


--
-- TOC entry 212 (class 1259 OID 54992)
-- Name: pagamento; Type: TABLE; Schema: public; Owner: postgres
--

CREATE TABLE public.pagamento (
    data_pagamento timestamp without time zone,
    forma_pagamento integer,
    pago boolean,
    ordem_servico_id bigint NOT NULL,
    servico_id bigint NOT NULL
);


ALTER TABLE public.pagamento OWNER TO postgres;

--
-- TOC entry 214 (class 1259 OID 54999)
-- Name: protetico; Type: TABLE; Schema: public; Owner: postgres
--

CREATE TABLE public.protetico (
    id bigint NOT NULL,
    cep character varying(255),
    cpf character varying(255),
    nome character varying(255),
    numero integer,
    rua character varying(50),
    cro character varying(255),
    email character varying(255),
    senha character varying(255),
    bairro_id bigint,
    telefone_id bigint
);


ALTER TABLE public.protetico OWNER TO postgres;

--
-- TOC entry 213 (class 1259 OID 54997)
-- Name: protetico_id_seq; Type: SEQUENCE; Schema: public; Owner: postgres
--

ALTER TABLE public.protetico ALTER COLUMN id ADD GENERATED BY DEFAULT AS IDENTITY (
    SEQUENCE NAME public.protetico_id_seq
    START WITH 1
    INCREMENT BY 1
    NO MINVALUE
    NO MAXVALUE
    CACHE 1
);


--
-- TOC entry 216 (class 1259 OID 55009)
-- Name: servico; Type: TABLE; Schema: public; Owner: postgres
--

CREATE TABLE public.servico (
    id bigint NOT NULL,
    caixa_id bigint,
    tipo_servico_id bigint
);


ALTER TABLE public.servico OWNER TO postgres;

--
-- TOC entry 215 (class 1259 OID 55007)
-- Name: servico_id_seq; Type: SEQUENCE; Schema: public; Owner: postgres
--

ALTER TABLE public.servico ALTER COLUMN id ADD GENERATED BY DEFAULT AS IDENTITY (
    SEQUENCE NAME public.servico_id_seq
    START WITH 1
    INCREMENT BY 1
    NO MINVALUE
    NO MAXVALUE
    CACHE 1
);


--
-- TOC entry 218 (class 1259 OID 55016)
-- Name: tabela_preco; Type: TABLE; Schema: public; Owner: postgres
--

CREATE TABLE public.tabela_preco (
    id bigint NOT NULL,
    descricao character varying(255)
);


ALTER TABLE public.tabela_preco OWNER TO postgres;

--
-- TOC entry 217 (class 1259 OID 55014)
-- Name: tabela_preco_id_seq; Type: SEQUENCE; Schema: public; Owner: postgres
--

ALTER TABLE public.tabela_preco ALTER COLUMN id ADD GENERATED BY DEFAULT AS IDENTITY (
    SEQUENCE NAME public.tabela_preco_id_seq
    START WITH 1
    INCREMENT BY 1
    NO MINVALUE
    NO MAXVALUE
    CACHE 1
);


--
-- TOC entry 220 (class 1259 OID 55023)
-- Name: telefone; Type: TABLE; Schema: public; Owner: postgres
--

CREATE TABLE public.telefone (
    id bigint NOT NULL,
    numero character varying(255)
);


ALTER TABLE public.telefone OWNER TO postgres;

--
-- TOC entry 219 (class 1259 OID 55021)
-- Name: telefone_id_seq; Type: SEQUENCE; Schema: public; Owner: postgres
--

ALTER TABLE public.telefone ALTER COLUMN id ADD GENERATED BY DEFAULT AS IDENTITY (
    SEQUENCE NAME public.telefone_id_seq
    START WITH 1
    INCREMENT BY 1
    NO MINVALUE
    NO MAXVALUE
    CACHE 1
);


--
-- TOC entry 222 (class 1259 OID 55030)
-- Name: tipo_cliente; Type: TABLE; Schema: public; Owner: postgres
--

CREATE TABLE public.tipo_cliente (
    id bigint NOT NULL,
    nome character varying(255),
    tabela_preco_id bigint
);


ALTER TABLE public.tipo_cliente OWNER TO postgres;

--
-- TOC entry 221 (class 1259 OID 55028)
-- Name: tipo_cliente_id_seq; Type: SEQUENCE; Schema: public; Owner: postgres
--

ALTER TABLE public.tipo_cliente ALTER COLUMN id ADD GENERATED BY DEFAULT AS IDENTITY (
    SEQUENCE NAME public.tipo_cliente_id_seq
    START WITH 1
    INCREMENT BY 1
    NO MINVALUE
    NO MAXVALUE
    CACHE 1
);


--
-- TOC entry 224 (class 1259 OID 55037)
-- Name: tipo_servico; Type: TABLE; Schema: public; Owner: postgres
--

CREATE TABLE public.tipo_servico (
    id bigint NOT NULL,
    comissao double precision,
    material character varying(255),
    nome character varying(255)
);


ALTER TABLE public.tipo_servico OWNER TO postgres;

--
-- TOC entry 223 (class 1259 OID 55035)
-- Name: tipo_servico_id_seq; Type: SEQUENCE; Schema: public; Owner: postgres
--

ALTER TABLE public.tipo_servico ALTER COLUMN id ADD GENERATED BY DEFAULT AS IDENTITY (
    SEQUENCE NAME public.tipo_servico_id_seq
    START WITH 1
    INCREMENT BY 1
    NO MINVALUE
    NO MAXVALUE
    CACHE 1
);


--
-- TOC entry 225 (class 1259 OID 55045)
-- Name: transporte; Type: TABLE; Schema: public; Owner: postgres
--

CREATE TABLE public.transporte (
    data_entrega timestamp without time zone,
    forma_transporte integer,
    valor double precision,
    ordem_servico_id bigint NOT NULL,
    servico_id bigint NOT NULL
);


ALTER TABLE public.transporte OWNER TO postgres;

--
-- TOC entry 227 (class 1259 OID 55052)
-- Name: uf; Type: TABLE; Schema: public; Owner: postgres
--

CREATE TABLE public.uf (
    id bigint NOT NULL,
    nome character varying(50),
    sigla character varying(2)
);


ALTER TABLE public.uf OWNER TO postgres;

--
-- TOC entry 226 (class 1259 OID 55050)
-- Name: uf_id_seq; Type: SEQUENCE; Schema: public; Owner: postgres
--

ALTER TABLE public.uf ALTER COLUMN id ADD GENERATED BY DEFAULT AS IDENTITY (
    SEQUENCE NAME public.uf_id_seq
    START WITH 1
    INCREMENT BY 1
    NO MINVALUE
    NO MAXVALUE
    CACHE 1
);


--
-- TOC entry 2965 (class 0 OID 54926)
-- Dependencies: 197
-- Data for Name: bairro; Type: TABLE DATA; Schema: public; Owner: postgres
--

COPY public.bairro (id, nome, cidade_id) FROM stdin;
1	Vila do Sul	1
2	Guararema	1
3	Maria Ortiz	2
4	Centro	2
5	Barro Preto	3
6	Cidade Jardim	3
7	Vale do Sol	4
8	Nova Lavras	4
\.


--
-- TOC entry 2967 (class 0 OID 54933)
-- Dependencies: 199
-- Data for Name: caixa; Type: TABLE DATA; Schema: public; Owner: postgres
--

COPY public.caixa (id) FROM stdin;
1
2
3
4
5
6
7
8
9
10
11
\.


--
-- TOC entry 2969 (class 0 OID 54940)
-- Dependencies: 201
-- Data for Name: cidade; Type: TABLE DATA; Schema: public; Owner: postgres
--

COPY public.cidade (id, nome, uf_id) FROM stdin;
1	Alegre	1
2	Cachoeiro de Itapemirim	1
3	Belo Horizonte	2
4	Lavras	2
\.


--
-- TOC entry 2971 (class 0 OID 54947)
-- Dependencies: 203
-- Data for Name: cliente; Type: TABLE DATA; Schema: public; Owner: postgres
--

COPY public.cliente (id, cep, cpf, nome, numero, rua, cro, email, senha, bairro_id, telefone_id, tipo_cliente_id) FROM stdin;
1	\N	22222222222	Joao a	30	Rafael Dias	12345-ES	joaoA@hotmail.com	123456	1	2	1
\.


--
-- TOC entry 2973 (class 0 OID 54957)
-- Dependencies: 205
-- Data for Name: comissao; Type: TABLE DATA; Schema: public; Owner: postgres
--

COPY public.comissao (id, valor, funcionario_id, servico_id) FROM stdin;
\.


--
-- TOC entry 2975 (class 0 OID 54964)
-- Dependencies: 207
-- Data for Name: funcionario; Type: TABLE DATA; Schema: public; Owner: postgres
--

COPY public.funcionario (id, cep, cpf, nome, numero, rua, email, senha, bairro_id, telefone_id) FROM stdin;
1	null	44444444444	Funcionario_01	34	Rua B	FuncionarioA@hotmail.com	123456	3	3
\.


--
-- TOC entry 2976 (class 0 OID 54972)
-- Dependencies: 208
-- Data for Name: item_os; Type: TABLE DATA; Schema: public; Owner: postgres
--

COPY public.item_os (valor, servico_id, ordem_servico_id) FROM stdin;
180	1	1
\.


--
-- TOC entry 2977 (class 0 OID 54977)
-- Dependencies: 209
-- Data for Name: item_tpreco_tservico; Type: TABLE DATA; Schema: public; Owner: postgres
--

COPY public.item_tpreco_tservico (prazo, valor, tabela_preco_id, tipo_servico_id) FROM stdin;
5	180	1	1
2	60	1	2
2	100	1	3
5	200	2	1
2	80	2	2
2	120	2	3
\.


--
-- TOC entry 2979 (class 0 OID 54984)
-- Dependencies: 211
-- Data for Name: ordem_servico; Type: TABLE DATA; Schema: public; Owner: postgres
--

COPY public.ordem_servico (id, atualizacao_etapa, entrega, observacao, paciente, recebido, valor, cliente_id, funcionario_id, protetico_id) FROM stdin;
1	0	2020-06-24 21:00:00	Peça Entregue	 Paciente_01 	2020-08-23 21:00:00	180	1	1	1
\.


--
-- TOC entry 2980 (class 0 OID 54992)
-- Dependencies: 212
-- Data for Name: pagamento; Type: TABLE DATA; Schema: public; Owner: postgres
--

COPY public.pagamento (data_pagamento, forma_pagamento, pago, ordem_servico_id, servico_id) FROM stdin;
2020-06-17 21:00:00	1	t	1	1
\.


--
-- TOC entry 2982 (class 0 OID 54999)
-- Dependencies: 214
-- Data for Name: protetico; Type: TABLE DATA; Schema: public; Owner: postgres
--

COPY public.protetico (id, cep, cpf, nome, numero, rua, cro, email, senha, bairro_id, telefone_id) FROM stdin;
1	\N	33333333333	Protetico_01	32	Rua A	12345-ES	ProteticoA@hotmail.com	123456	2	1
\.


--
-- TOC entry 2984 (class 0 OID 55009)
-- Dependencies: 216
-- Data for Name: servico; Type: TABLE DATA; Schema: public; Owner: postgres
--

COPY public.servico (id, caixa_id, tipo_servico_id) FROM stdin;
1	1	1
\.


--
-- TOC entry 2986 (class 0 OID 55016)
-- Dependencies: 218
-- Data for Name: tabela_preco; Type: TABLE DATA; Schema: public; Owner: postgres
--

COPY public.tabela_preco (id, descricao) FROM stdin;
1	Dentista
2	Clinica
\.


--
-- TOC entry 2988 (class 0 OID 55023)
-- Dependencies: 220
-- Data for Name: telefone; Type: TABLE DATA; Schema: public; Owner: postgres
--

COPY public.telefone (id, numero) FROM stdin;
1	29 999720729
2	28 999720728
3	27 999720727
4	26 999720726
\.


--
-- TOC entry 2990 (class 0 OID 55030)
-- Dependencies: 222
-- Data for Name: tipo_cliente; Type: TABLE DATA; Schema: public; Owner: postgres
--

COPY public.tipo_cliente (id, nome, tabela_preco_id) FROM stdin;
1	Dentista	1
\.


--
-- TOC entry 2992 (class 0 OID 55037)
-- Dependencies: 224
-- Data for Name: tipo_servico; Type: TABLE DATA; Schema: public; Owner: postgres
--

COPY public.tipo_servico (id, comissao, material, nome) FROM stdin;
1	3	Cromo Cobalto	PPR
2	3	Prata	Pino
3	3	Goldent	Coroa
\.


--
-- TOC entry 2993 (class 0 OID 55045)
-- Dependencies: 225
-- Data for Name: transporte; Type: TABLE DATA; Schema: public; Owner: postgres
--

COPY public.transporte (data_entrega, forma_transporte, valor, ordem_servico_id, servico_id) FROM stdin;
2020-06-18 00:00:00	0	5	1	1
\.


--
-- TOC entry 2995 (class 0 OID 55052)
-- Dependencies: 227
-- Data for Name: uf; Type: TABLE DATA; Schema: public; Owner: postgres
--

COPY public.uf (id, nome, sigla) FROM stdin;
1	Espírito Santo	ES
2	Minas Gerais	MG
\.


--
-- TOC entry 3001 (class 0 OID 0)
-- Dependencies: 196
-- Name: bairro_id_seq; Type: SEQUENCE SET; Schema: public; Owner: postgres
--

SELECT pg_catalog.setval('public.bairro_id_seq', 8, true);


--
-- TOC entry 3002 (class 0 OID 0)
-- Dependencies: 198
-- Name: caixa_id_seq; Type: SEQUENCE SET; Schema: public; Owner: postgres
--

SELECT pg_catalog.setval('public.caixa_id_seq', 11, true);


--
-- TOC entry 3003 (class 0 OID 0)
-- Dependencies: 200
-- Name: cidade_id_seq; Type: SEQUENCE SET; Schema: public; Owner: postgres
--

SELECT pg_catalog.setval('public.cidade_id_seq', 4, true);


--
-- TOC entry 3004 (class 0 OID 0)
-- Dependencies: 202
-- Name: cliente_id_seq; Type: SEQUENCE SET; Schema: public; Owner: postgres
--

SELECT pg_catalog.setval('public.cliente_id_seq', 1, true);


--
-- TOC entry 3005 (class 0 OID 0)
-- Dependencies: 204
-- Name: comissao_id_seq; Type: SEQUENCE SET; Schema: public; Owner: postgres
--

SELECT pg_catalog.setval('public.comissao_id_seq', 1, false);


--
-- TOC entry 3006 (class 0 OID 0)
-- Dependencies: 206
-- Name: funcionario_id_seq; Type: SEQUENCE SET; Schema: public; Owner: postgres
--

SELECT pg_catalog.setval('public.funcionario_id_seq', 1, true);


--
-- TOC entry 3007 (class 0 OID 0)
-- Dependencies: 210
-- Name: ordem_servico_id_seq; Type: SEQUENCE SET; Schema: public; Owner: postgres
--

SELECT pg_catalog.setval('public.ordem_servico_id_seq', 1, true);


--
-- TOC entry 3008 (class 0 OID 0)
-- Dependencies: 213
-- Name: protetico_id_seq; Type: SEQUENCE SET; Schema: public; Owner: postgres
--

SELECT pg_catalog.setval('public.protetico_id_seq', 1, true);


--
-- TOC entry 3009 (class 0 OID 0)
-- Dependencies: 215
-- Name: servico_id_seq; Type: SEQUENCE SET; Schema: public; Owner: postgres
--

SELECT pg_catalog.setval('public.servico_id_seq', 1, true);


--
-- TOC entry 3010 (class 0 OID 0)
-- Dependencies: 217
-- Name: tabela_preco_id_seq; Type: SEQUENCE SET; Schema: public; Owner: postgres
--

SELECT pg_catalog.setval('public.tabela_preco_id_seq', 2, true);


--
-- TOC entry 3011 (class 0 OID 0)
-- Dependencies: 219
-- Name: telefone_id_seq; Type: SEQUENCE SET; Schema: public; Owner: postgres
--

SELECT pg_catalog.setval('public.telefone_id_seq', 4, true);


--
-- TOC entry 3012 (class 0 OID 0)
-- Dependencies: 221
-- Name: tipo_cliente_id_seq; Type: SEQUENCE SET; Schema: public; Owner: postgres
--

SELECT pg_catalog.setval('public.tipo_cliente_id_seq', 1, true);


--
-- TOC entry 3013 (class 0 OID 0)
-- Dependencies: 223
-- Name: tipo_servico_id_seq; Type: SEQUENCE SET; Schema: public; Owner: postgres
--

SELECT pg_catalog.setval('public.tipo_servico_id_seq', 3, true);


--
-- TOC entry 3014 (class 0 OID 0)
-- Dependencies: 226
-- Name: uf_id_seq; Type: SEQUENCE SET; Schema: public; Owner: postgres
--

SELECT pg_catalog.setval('public.uf_id_seq', 2, true);


--
-- TOC entry 2785 (class 2606 OID 54930)
-- Name: bairro bairro_pkey; Type: CONSTRAINT; Schema: public; Owner: postgres
--

ALTER TABLE ONLY public.bairro
    ADD CONSTRAINT bairro_pkey PRIMARY KEY (id);


--
-- TOC entry 2787 (class 2606 OID 54937)
-- Name: caixa caixa_pkey; Type: CONSTRAINT; Schema: public; Owner: postgres
--

ALTER TABLE ONLY public.caixa
    ADD CONSTRAINT caixa_pkey PRIMARY KEY (id);


--
-- TOC entry 2789 (class 2606 OID 54944)
-- Name: cidade cidade_pkey; Type: CONSTRAINT; Schema: public; Owner: postgres
--

ALTER TABLE ONLY public.cidade
    ADD CONSTRAINT cidade_pkey PRIMARY KEY (id);


--
-- TOC entry 2791 (class 2606 OID 54954)
-- Name: cliente cliente_pkey; Type: CONSTRAINT; Schema: public; Owner: postgres
--

ALTER TABLE ONLY public.cliente
    ADD CONSTRAINT cliente_pkey PRIMARY KEY (id);


--
-- TOC entry 2793 (class 2606 OID 54961)
-- Name: comissao comissao_pkey; Type: CONSTRAINT; Schema: public; Owner: postgres
--

ALTER TABLE ONLY public.comissao
    ADD CONSTRAINT comissao_pkey PRIMARY KEY (id);


--
-- TOC entry 2795 (class 2606 OID 54971)
-- Name: funcionario funcionario_pkey; Type: CONSTRAINT; Schema: public; Owner: postgres
--

ALTER TABLE ONLY public.funcionario
    ADD CONSTRAINT funcionario_pkey PRIMARY KEY (id);


--
-- TOC entry 2797 (class 2606 OID 54976)
-- Name: item_os item_os_pkey; Type: CONSTRAINT; Schema: public; Owner: postgres
--

ALTER TABLE ONLY public.item_os
    ADD CONSTRAINT item_os_pkey PRIMARY KEY (ordem_servico_id, servico_id);


--
-- TOC entry 2799 (class 2606 OID 54981)
-- Name: item_tpreco_tservico item_tpreco_tservico_pkey; Type: CONSTRAINT; Schema: public; Owner: postgres
--

ALTER TABLE ONLY public.item_tpreco_tservico
    ADD CONSTRAINT item_tpreco_tservico_pkey PRIMARY KEY (tabela_preco_id, tipo_servico_id);


--
-- TOC entry 2801 (class 2606 OID 54991)
-- Name: ordem_servico ordem_servico_pkey; Type: CONSTRAINT; Schema: public; Owner: postgres
--

ALTER TABLE ONLY public.ordem_servico
    ADD CONSTRAINT ordem_servico_pkey PRIMARY KEY (id);


--
-- TOC entry 2803 (class 2606 OID 54996)
-- Name: pagamento pagamento_pkey; Type: CONSTRAINT; Schema: public; Owner: postgres
--

ALTER TABLE ONLY public.pagamento
    ADD CONSTRAINT pagamento_pkey PRIMARY KEY (ordem_servico_id, servico_id);


--
-- TOC entry 2805 (class 2606 OID 55006)
-- Name: protetico protetico_pkey; Type: CONSTRAINT; Schema: public; Owner: postgres
--

ALTER TABLE ONLY public.protetico
    ADD CONSTRAINT protetico_pkey PRIMARY KEY (id);


--
-- TOC entry 2807 (class 2606 OID 55013)
-- Name: servico servico_pkey; Type: CONSTRAINT; Schema: public; Owner: postgres
--

ALTER TABLE ONLY public.servico
    ADD CONSTRAINT servico_pkey PRIMARY KEY (id);


--
-- TOC entry 2809 (class 2606 OID 55020)
-- Name: tabela_preco tabela_preco_pkey; Type: CONSTRAINT; Schema: public; Owner: postgres
--

ALTER TABLE ONLY public.tabela_preco
    ADD CONSTRAINT tabela_preco_pkey PRIMARY KEY (id);


--
-- TOC entry 2811 (class 2606 OID 55027)
-- Name: telefone telefone_pkey; Type: CONSTRAINT; Schema: public; Owner: postgres
--

ALTER TABLE ONLY public.telefone
    ADD CONSTRAINT telefone_pkey PRIMARY KEY (id);


--
-- TOC entry 2813 (class 2606 OID 55034)
-- Name: tipo_cliente tipo_cliente_pkey; Type: CONSTRAINT; Schema: public; Owner: postgres
--

ALTER TABLE ONLY public.tipo_cliente
    ADD CONSTRAINT tipo_cliente_pkey PRIMARY KEY (id);


--
-- TOC entry 2815 (class 2606 OID 55044)
-- Name: tipo_servico tipo_servico_pkey; Type: CONSTRAINT; Schema: public; Owner: postgres
--

ALTER TABLE ONLY public.tipo_servico
    ADD CONSTRAINT tipo_servico_pkey PRIMARY KEY (id);


--
-- TOC entry 2817 (class 2606 OID 55049)
-- Name: transporte transporte_pkey; Type: CONSTRAINT; Schema: public; Owner: postgres
--

ALTER TABLE ONLY public.transporte
    ADD CONSTRAINT transporte_pkey PRIMARY KEY (ordem_servico_id, servico_id);


--
-- TOC entry 2819 (class 2606 OID 55056)
-- Name: uf uf_pkey; Type: CONSTRAINT; Schema: public; Owner: postgres
--

ALTER TABLE ONLY public.uf
    ADD CONSTRAINT uf_pkey PRIMARY KEY (id);


--
-- TOC entry 2824 (class 2606 OID 55077)
-- Name: cliente fk2t2xjp5hp7fj1b796wrrkf5ai; Type: FK CONSTRAINT; Schema: public; Owner: postgres
--

ALTER TABLE ONLY public.cliente
    ADD CONSTRAINT fk2t2xjp5hp7fj1b796wrrkf5ai FOREIGN KEY (tipo_cliente_id) REFERENCES public.tipo_cliente(id);


--
-- TOC entry 2832 (class 2606 OID 55117)
-- Name: item_tpreco_tservico fk33lbxne9e3e4tip8e4vroi1vq; Type: FK CONSTRAINT; Schema: public; Owner: postgres
--

ALTER TABLE ONLY public.item_tpreco_tservico
    ADD CONSTRAINT fk33lbxne9e3e4tip8e4vroi1vq FOREIGN KEY (tipo_servico_id) REFERENCES public.tipo_servico(id);


--
-- TOC entry 2823 (class 2606 OID 55072)
-- Name: cliente fk68oyur5q0ak14hwotvvxwp2s8; Type: FK CONSTRAINT; Schema: public; Owner: postgres
--

ALTER TABLE ONLY public.cliente
    ADD CONSTRAINT fk68oyur5q0ak14hwotvvxwp2s8 FOREIGN KEY (telefone_id) REFERENCES public.telefone(id);


--
-- TOC entry 2837 (class 2606 OID 55142)
-- Name: protetico fk7vns0rmhx3uifdxnxa8m3ry3n; Type: FK CONSTRAINT; Schema: public; Owner: postgres
--

ALTER TABLE ONLY public.protetico
    ADD CONSTRAINT fk7vns0rmhx3uifdxnxa8m3ry3n FOREIGN KEY (bairro_id) REFERENCES public.bairro(id);


--
-- TOC entry 2822 (class 2606 OID 55067)
-- Name: cliente fk8y9qoaf9mg3nj79rm9unjdcjc; Type: FK CONSTRAINT; Schema: public; Owner: postgres
--

ALTER TABLE ONLY public.cliente
    ADD CONSTRAINT fk8y9qoaf9mg3nj79rm9unjdcjc FOREIGN KEY (bairro_id) REFERENCES public.bairro(id);


--
-- TOC entry 2841 (class 2606 OID 55162)
-- Name: tipo_cliente fk9m1cpad3qv1gjv5w6qsrg31ec; Type: FK CONSTRAINT; Schema: public; Owner: postgres
--

ALTER TABLE ONLY public.tipo_cliente
    ADD CONSTRAINT fk9m1cpad3qv1gjv5w6qsrg31ec FOREIGN KEY (tabela_preco_id) REFERENCES public.tabela_preco(id);


--
-- TOC entry 2828 (class 2606 OID 55097)
-- Name: funcionario fkbc4hxge2vv15s6g56mocvxvb7; Type: FK CONSTRAINT; Schema: public; Owner: postgres
--

ALTER TABLE ONLY public.funcionario
    ADD CONSTRAINT fkbc4hxge2vv15s6g56mocvxvb7 FOREIGN KEY (telefone_id) REFERENCES public.telefone(id);


--
-- TOC entry 2842 (class 2606 OID 55167)
-- Name: transporte fkbdb9xqnby6r1ftcwmwmaxf2rf; Type: FK CONSTRAINT; Schema: public; Owner: postgres
--

ALTER TABLE ONLY public.transporte
    ADD CONSTRAINT fkbdb9xqnby6r1ftcwmwmaxf2rf FOREIGN KEY (ordem_servico_id, servico_id) REFERENCES public.item_os(ordem_servico_id, servico_id);


--
-- TOC entry 2833 (class 2606 OID 55122)
-- Name: ordem_servico fkbgbo9jhvq1cuycsv5tvynn1ig; Type: FK CONSTRAINT; Schema: public; Owner: postgres
--

ALTER TABLE ONLY public.ordem_servico
    ADD CONSTRAINT fkbgbo9jhvq1cuycsv5tvynn1ig FOREIGN KEY (cliente_id) REFERENCES public.cliente(id);


--
-- TOC entry 2834 (class 2606 OID 55127)
-- Name: ordem_servico fkenrcljn9mjeqnih58jj7iogfc; Type: FK CONSTRAINT; Schema: public; Owner: postgres
--

ALTER TABLE ONLY public.ordem_servico
    ADD CONSTRAINT fkenrcljn9mjeqnih58jj7iogfc FOREIGN KEY (funcionario_id) REFERENCES public.funcionario(id);


--
-- TOC entry 2820 (class 2606 OID 55057)
-- Name: bairro fkgmx8his7a51210gcsaunulx8b; Type: FK CONSTRAINT; Schema: public; Owner: postgres
--

ALTER TABLE ONLY public.bairro
    ADD CONSTRAINT fkgmx8his7a51210gcsaunulx8b FOREIGN KEY (cidade_id) REFERENCES public.cidade(id);


--
-- TOC entry 2826 (class 2606 OID 55087)
-- Name: comissao fkgvbrlvjy0xj3chd3xhk9u7mm3; Type: FK CONSTRAINT; Schema: public; Owner: postgres
--

ALTER TABLE ONLY public.comissao
    ADD CONSTRAINT fkgvbrlvjy0xj3chd3xhk9u7mm3 FOREIGN KEY (servico_id) REFERENCES public.servico(id);


--
-- TOC entry 2829 (class 2606 OID 55102)
-- Name: item_os fkhdm1pwisnmglnd2t004eh6doq; Type: FK CONSTRAINT; Schema: public; Owner: postgres
--

ALTER TABLE ONLY public.item_os
    ADD CONSTRAINT fkhdm1pwisnmglnd2t004eh6doq FOREIGN KEY (servico_id) REFERENCES public.servico(id);


--
-- TOC entry 2830 (class 2606 OID 55107)
-- Name: item_os fkjm44bcepf2v0ulfdxu03voxln; Type: FK CONSTRAINT; Schema: public; Owner: postgres
--

ALTER TABLE ONLY public.item_os
    ADD CONSTRAINT fkjm44bcepf2v0ulfdxu03voxln FOREIGN KEY (ordem_servico_id) REFERENCES public.ordem_servico(id);


--
-- TOC entry 2827 (class 2606 OID 55092)
-- Name: funcionario fkkrnbsnkj0d02ng8nids477xei; Type: FK CONSTRAINT; Schema: public; Owner: postgres
--

ALTER TABLE ONLY public.funcionario
    ADD CONSTRAINT fkkrnbsnkj0d02ng8nids477xei FOREIGN KEY (bairro_id) REFERENCES public.bairro(id);


--
-- TOC entry 2840 (class 2606 OID 55157)
-- Name: servico fklh68cn944o0l6dajop3cjwkwl; Type: FK CONSTRAINT; Schema: public; Owner: postgres
--

ALTER TABLE ONLY public.servico
    ADD CONSTRAINT fklh68cn944o0l6dajop3cjwkwl FOREIGN KEY (tipo_servico_id) REFERENCES public.tipo_servico(id);


--
-- TOC entry 2835 (class 2606 OID 55132)
-- Name: ordem_servico fklww1yo4es1aa6h7k3dic1qgc7; Type: FK CONSTRAINT; Schema: public; Owner: postgres
--

ALTER TABLE ONLY public.ordem_servico
    ADD CONSTRAINT fklww1yo4es1aa6h7k3dic1qgc7 FOREIGN KEY (protetico_id) REFERENCES public.protetico(id);


--
-- TOC entry 2838 (class 2606 OID 55147)
-- Name: protetico fkly56oorpu0udwtlas3lkh3fu8; Type: FK CONSTRAINT; Schema: public; Owner: postgres
--

ALTER TABLE ONLY public.protetico
    ADD CONSTRAINT fkly56oorpu0udwtlas3lkh3fu8 FOREIGN KEY (telefone_id) REFERENCES public.telefone(id);


--
-- TOC entry 2821 (class 2606 OID 55062)
-- Name: cidade fkmmhbkvcabtujkj1t29lq47oq0; Type: FK CONSTRAINT; Schema: public; Owner: postgres
--

ALTER TABLE ONLY public.cidade
    ADD CONSTRAINT fkmmhbkvcabtujkj1t29lq47oq0 FOREIGN KEY (uf_id) REFERENCES public.uf(id);


--
-- TOC entry 2839 (class 2606 OID 55152)
-- Name: servico fkpeclfw9q23wfhkw1ko83y0by0; Type: FK CONSTRAINT; Schema: public; Owner: postgres
--

ALTER TABLE ONLY public.servico
    ADD CONSTRAINT fkpeclfw9q23wfhkw1ko83y0by0 FOREIGN KEY (caixa_id) REFERENCES public.caixa(id);


--
-- TOC entry 2836 (class 2606 OID 55137)
-- Name: pagamento fkq32jrojk3c42n02ucrro2rxlc; Type: FK CONSTRAINT; Schema: public; Owner: postgres
--

ALTER TABLE ONLY public.pagamento
    ADD CONSTRAINT fkq32jrojk3c42n02ucrro2rxlc FOREIGN KEY (ordem_servico_id, servico_id) REFERENCES public.item_os(ordem_servico_id, servico_id);


--
-- TOC entry 2825 (class 2606 OID 55082)
-- Name: comissao fkr3isbqwrv8b33fnawllk1pdig; Type: FK CONSTRAINT; Schema: public; Owner: postgres
--

ALTER TABLE ONLY public.comissao
    ADD CONSTRAINT fkr3isbqwrv8b33fnawllk1pdig FOREIGN KEY (funcionario_id) REFERENCES public.funcionario(id);


--
-- TOC entry 2831 (class 2606 OID 55112)
-- Name: item_tpreco_tservico fktleo0n1c78128j9g3r3f5b3fa; Type: FK CONSTRAINT; Schema: public; Owner: postgres
--

ALTER TABLE ONLY public.item_tpreco_tservico
    ADD CONSTRAINT fktleo0n1c78128j9g3r3f5b3fa FOREIGN KEY (tabela_preco_id) REFERENCES public.tabela_preco(id);


-- Completed on 2020-08-24 19:24:25

--
-- PostgreSQL database dump complete
--

